Label	ImageNumber	X_cordinate	Y_cordinate
Anaphase	1	24.70504281636537	24.825880114176968
Anaphase	2	23.794843049327355	22.815022421524663
Anaphase	3	23.640155189136763	26.348205625606212
Anaphase	4	21.574054054054056	25.951351351351352
Anaphase	5	23.912487708947893	22.930186823992127
Anaphase	6	26.352169525731586	22.651866801210893
Anaphase	7	24.389624724061807	22.897350993377486
Anaphase	8	24.03400637619553	25.888416578108398
Anaphase	9	23.237	24.115
Anaphase	10	25.201933404940924	24.577873254564985
Anaphase	11	22.02364864864865	24.386261261261264
Anaphase	12	23.71116504854369	23.029126213592228
Anaphase	13	25.100671140939603	23.78299776286353
Anaphase	14	24.245197740113	23.45988700564972
Anaphase	15	24.674280039721946	26.36146971201589
Anaphase	16	25.100671140939603	23.78299776286353
G1_less	17	20.2626404494382	19.679775280898877
G1_less	18	22.163430420711972	21.446601941747574
G1_less	19	21.715008431703204	20.87689713322091
G1_less	20	23.94742729306488	24.687919463087248
G1_less	21	23.610148514851485	24.133663366336638
G1_less	22	20.47658862876255	20.31939799331104
G1_less	23	21.114285714285714	18.897744360902255
G1_less	24	21.772079772079767	20.414529914529915
G1_less	25	22.080575539568347	21.545323741007195
G1_less	26	21.226775956284158	19.795081967213115
G1_less	27	21.375366568914963	21.080645161290324
G1_less	28	20.87962962962963	22.084876543209877
G1_less	29	22.117276166456495	23.604035308953343
G1_less	30	19.91887417218543	20.45364238410596
G1_less	31	20.96130030959752	21.515479876160995
G1_less	32	22.998514115898963	21.683506686478452
G1_less	33	21.073649754500817	17.733224222585925
G1_less	34	23.241712707182323	23.642265193370164
G1_less	35	24.897368421052636	25.330263157894734
G1_less	36	21.585714285714282	21.47
G1_less	37	21.378766140602586	22.61406025824964
G1_less	38	20.145869947275926	20.04920913884007
G1_less	39	21.462333825701624	21.93943870014771
G1_less	40	22.092171717171716	22.435606060606066
G1_less	41	21.667642752562227	22.142020497803806
G1_less	42	23.324888226527573	21.02086438152012
G1_less	43	22.689655172413797	22.61063218390805
G1_less	44	20.393632416787266	21.845151953690305
G1_less	45	23.0	23.405889884763127
G1_less	46	23.0497311827957	21.197580645161292
G1_less	47	22.72906403940887	24.432266009852214
G1_less	48	23.91392405063291	23.19240506329114
G1_less	49	19.421140939597315	18.481543624161073
G1_less	50	19.542955326460486	21.20618556701031
G1_less	51	24.11871508379888	23.272346368715088
G1_less	52	21.056402439024392	22.8125
G1_less	53	22.836970474967902	22.356867779204112
G1_less	54	21.71935007385524	21.886262924667648
G1_less	55	22.46130952380953	21.5
G1_less	56	23.921086675291075	22.79948253557568
G1_less	57	20.621187800963078	20.608346709470304
G1_less	58	23.79340028694405	24.395982783357248
G1_less	59	20.232786885245897	19.89672131147541
G1_less	60	23.367021276595747	20.388297872340427
G1_less	61	20.994100294985248	19.510324483775808
G1_less	62	20.348511383537648	19.824868651488615
G1_less	63	21.75229357798165	21.988204456094365
G1_less	64	23.67112299465241	27.816844919786096
G1_less	65	21.127351664254704	22.552821997105642
G1_less	66	19.74172185430464	19.82450331125828
G1_less	67	20.704545454545453	17.800324675324678
G1_less	68	21.04983922829582	20.810289389067524
G1_less	69	21.91437802907916	21.122778675282714
G1_less	70	21.012158054711247	21.268996960486323
G1_less	71	22.25413533834586	23.24511278195489
G1_less	72	19.031683168316828	19.685148514851484
G1_less	73	20.94953271028037	20.82990654205608
G1_less	74	20.894295302013425	20.80704697986577
G1_less	75	20.57310924369748	20.936134453781516
G1_less	76	19.551155115511552	20.476897689768972
G1_less	77	22.635350318471342	20.988853503184714
G1_less	78	23.26342072409488	23.579275905118603
G1_less	79	21.88888888888889	21.120634920634924
G1_less	80	20.268328445747798	23.768328445747798
G1_less	81	20.232	20.08
G1_less	82	21.855227882037525	20.2117962466488
G1_less	83	21.78409090909091	21.42207792207792
G1_less	84	20.27202472952086	21.34312210200927
G1_less	85	19.62669245647969	20.599613152804643
G1_less	86	22.420547945205477	23.227397260273968
G1_less	87	20.51096121416526	16.691399662731868
G1_less	88	21.51456310679612	21.38834951456311
G1_less	89	20.97067901234568	20.91358024691358
G1_less	90	21.07312925170068	21.147959183673468
G1_less	91	21.54607977991747	21.44016506189821
G1_less	92	21.146084337349397	22.569277108433727
G1_less	93	20.268581081081077	19.49662162162162
G1_less	94	22.07692307692308	21.630494505494507
G1_less	95	22.71695402298851	22.29166666666667
G1_less	96	21.790728476821194	23.063576158940396
G1_less	97	21.42691029900332	18.431893687707642
G1_less	98	19.844709897610922	20.631399317406146
G1_less	99	23.177248677248677	22.776455026455025
G1_less	100	22.56801007556675	22.840050377833748
G1_less	101	20.675516224188787	21.479351032448374
G1_less	102	24.97995283018868	22.94339622641509
G1_less	103	21.820936639118454	20.428374655647378
G1_less	104	24.562002275312857	22.75995449374289
G1_less	105	21.244897959183675	20.37519623233909
G1_less	106	21.694645441389287	21.604920405209842
G1_less	107	22.60802069857697	22.420439844760672
G1_less	108	20.1496062992126	20.486614173228347
G1_less	109	20.623880597014924	19.446268656716413
G1_less	110	20.422322775263947	21.726998491704375
G1_less	111	22.14221556886228	22.54940119760479
G1_less	112	21.46234939759036	21.281626506024093
G1_less	113	20.222024866785077	19.612788632326826
G1_less	114	21.533823529411766	20.21323529411765
G1_less	115	20.716923076923077	21.318461538461534
G1_less	116	23.35333333333333	23.16133333333333
G1_less	117	20.462249614791986	18.138674884437595
G1_less	118	19.778702163061567	21.259567387687188
G1_less	119	21.660477453580903	22.02785145888594
G1_less	120	24.34224598930481	23.552139037433157
G1_less	121	20.30971993410214	20.901153212520594
G1_less	122	20.998527245949926	21.782032400589102
G1_less	123	20.033509700176367	18.077601410934747
G1_less	124	21.85626911314985	21.048929663608558
G1_less	125	21.371972318339104	19.92214532871972
G1_less	126	22.94251336898396	22.744652406417114
G1_less	127	27.035587188612094	26.597864768683273
G1_less	128	21.0919175911252	21.253565768621236
G1_less	129	20.717607973421927	20.767441860465123
G1_less	130	21.45924764890282	21.13636363636364
G1_less	131	19.846860643185302	22.84992343032159
G1_less	132	21.334841628959275	21.980392156862745
G1_less	133	20.066895368782166	20.734133790737566
G1_less	134	23.324096385542173	23.07951807228916
G1_less	135	23.502901353965182	22.27852998065764
G1_less	136	22.65868263473054	21.24101796407185
G1_less	137	19.970840480274447	20.60377358490566
G1_less	138	22.1247947454844	18.423645320197046
G1_less	139	18.9590017825312	20.59358288770053
G1_less	140	21.002971768202077	19.206537890044576
G1_less	141	20.16376306620209	19.79442508710801
G1_less	142	21.812316715542522	21.60263929618768
G1_less	143	22.41666666666667	22.187853107344637
G1_less	144	22.89410348977136	20.558363417569197
G1_less	145	23.229901269393512	19.441466854724965
G1_less	146	20.697063369397217	21.142194744976816
G1_less	147	23.499316005471957	22.195622435020518
G1_less	148	20.95806451612903	23.490322580645167
G1_less	149	24.257793764988012	23.58393285371703
G1_less	150	21.868924889543447	21.388807069219443
G1_less	151	21.69352290679305	21.0
G1_less	152	21.312698412698413	20.82698412698413
G1_less	153	22.337819650067296	21.28667563930013
G1_less	154	26.559225512528478	24.169703872437356
G1_less	155	22.39676113360324	21.391363022941967
G1_less	156	19.17391304347826	18.382246376811594
G1_less	157	20.15668202764977	17.84331797235023
G1_less	158	18.591085271317827	22.003875968992247
G1_less	159	20.38745980707396	21.155948553054664
G1_less	160	21.32253313696613	22.441826215022093
G1_less	161	21.95244956772334	21.164265129683002
G1_less	162	23.718204488778053	23.245635910224443
G1_less	163	22.78048780487805	21.215208034433285
G1_less	164	18.939890710382517	19.923497267759558
G1_less	165	21.08595041322314	21.37685950413223
G1_less	166	26.77127659574468	23.335106382978722
G1_less	167	23.101248266296807	22.142857142857146
G1_less	168	22.76583210603829	22.680412371134018
G1_less	169	24.874655647382923	23.96143250688705
G1_less	170	22.02890932982917	19.39290407358739
G1_less	171	23.81629834254144	24.194751381215468
G1_less	172	20.993710691823896	20.68867924528302
G1_less	173	22.96090047393365	22.264218009478675
G1_less	174	21.86221009549795	23.01773533424284
G1_less	175	23.16823899371069	20.402515723270444
G1_less	176	22.841107871720123	21.03935860058309
G1_less	177	23.470350404312672	23.32884097035041
G1_less	178	22.016666666666666	18.74861111111111
G1_less	179	20.036101083032488	21.259927797833935
G1_less	180	20.07070707070707	22.316017316017323
G1_less	181	23.276510067114096	22.16912751677852
G1_less	182	23.51812865497076	24.009356725146198
G1_less	183	22.028378378378378	22.728378378378377
G1_less	184	20.87037037037037	21.171296296296298
G1_less	185	23.12078651685393	19.051966292134832
G1_less	186	20.930983847283407	21.847283406754777
G1_less	187	20.88943894389439	18.476897689768972
G1_less	188	22.731559854897217	23.703748488512698
G1_less	189	24.884816753926703	22.623036649214654
G1_less	190	20.507020280811233	20.89235569422777
G1_less	191	20.55041322314049	20.35206611570248
G1_less	192	22.23989218328841	22.48921832884097
G1_less	193	21.051666666666666	20.343333333333334
G1_less	194	22.45443349753695	23.37684729064039
G1_less	195	19.72758620689655	20.306896551724137
G1_less	196	23.705801104972377	25.947513812154693
G1_less	197	24.013906447534765	23.512010113780022
G1_less	198	21.93387096774193	19.535483870967738
G1_less	199	22.505194805194808	23.37272727272727
G1_less	200	21.28485757121439	21.1904047976012
G1_less	201	21.219364599092284	21.013615733736767
G1_less	202	20.15126050420168	20.042016806722692
G1_less	203	21.22191011235955	21.740168539325843
G1_less	204	22.350948509485093	19.170731707317074
G1_less	205	20.1344262295082	19.727868852459014
G1_less	206	20.953731343283586	21.6
G1_less	207	22.02980625931445	19.442622950819672
G1_less	208	22.651862464183377	22.038681948424074
G1_less	209	20.177554438860973	20.716917922948074
G1_less	210	21.621387283236995	21.112716763005785
G1_less	211	24.303482587064675	22.573383084577113
G1_less	212	17.311377245508982	18.25449101796407
G1_less	213	21.29154518950437	21.918367346938773
G1_less	214	23.16395864106352	22.32644017725259
G1_less	215	20.622154779969648	21.53717754172989
G1_less	216	19.98372513562387	19.462929475587703
G1_less	217	21.707882534775887	21.959814528593512
G1_less	218	20.304733727810646	20.94970414201184
G1_less	219	21.431781701444624	20.79614767255217
G1_less	220	21.477203647416417	20.259878419452892
G1_less	221	22.57864357864358	22.43867243867244
G1_less	222	22.853658536585368	22.61232349165597
G1_less	223	22.567530695770806	23.305593451568896
G1_less	224	21.596685082872924	22.17265193370166
G1_less	225	20.56906906906907	18.183183183183182
G1_less	226	18.775757575757574	19.751515151515147
G1_less	227	25.425	23.55108695652174
G1_less	228	21.036308623298034	20.11800302571861
G1_less	229	20.801335559265443	20.59933222036728
G1_less	230	22.94144144144144	21.16966966966967
G1_less	231	23.43990086741016	22.496902106567536
G1_less	232	24.986552567237162	23.72249388753056
G1_less	233	20.785123966942148	20.33223140495868
G2_less	234	25.75440313111546	24.429549902152637
G2_less	235	23.774005819592627	26.7807953443259
G2_less	236	27.292481977342945	24.63439752832132
G2_less	237	26.36596523330284	23.92772186642269
G2_less	238	24.88269794721408	27.059628543499514
G2_less	239	24.14720812182741	24.7248730964467
G2_less	240	23.92682926829268	22.459756097560977
G2_less	241	23.527549824150057	23.123094958968352
G2_less	242	22.635352286773795	23.05438813349815
G2_less	243	20.367272727272727	22.80727272727273
G2_less	244	23.763596004439517	23.930077691453942
G2_less	245	23.24705882352941	21.773856209150328
G2_less	246	25.054945054945048	25.04615384615385
G2_less	247	25.206489675516227	24.64011799410029
G2_less	248	25.960489181561613	25.74694261523989
G2_less	249	24.879377431906608	24.22859922178988
G2_less	250	22.937024972855593	24.042345276872965
G2_less	251	23.65262076053443	24.780061664953752
G2_less	252	23.49787234042553	23.63404255319149
G2_less	253	25.441935483870967	21.469892473118282
G2_less	254	23.07674418604651	23.36860465116279
G2_less	255	25.47390932420873	29.325919589392644
G2_less	256	23.13973268529769	23.87970838396112
G2_less	257	23.05255474452555	21.446715328467157
G2_less	258	22.47116564417178	22.341104294478527
G2_less	259	26.537936913895997	24.36828644501279
G2_less	260	23.979933110367888	23.577480490523968
G2_less	261	22.415265200517464	21.223803363518762
G2_less	262	26.4468085106383	26.716928769657727
G2_less	263	25.69209809264305	26.190735694822887
G2_less	264	23.878888888888888	23.64333333333333
G2_less	265	26.553257497414684	24.039296794208887
G2_less	266	26.04207436399217	25.00978473581213
G2_less	267	21.718711276332094	23.525402726146226
G2_less	268	24.19732441471572	24.144927536231886
G2_less	269	24.79531568228106	25.064154786150713
G2_less	270	22.03856041131105	22.411311053984576
G2_less	271	21.289665211062587	22.641921397379914
G2_less	272	24.40036231884058	26.40126811594203
G2_less	273	23.302587176602927	23.91901012373453
G2_less	274	22.70689655172414	21.42873563218391
G2_less	275	22.74009900990099	23.2920792079208
G2_less	276	23.26136363636364	23.03977272727273
G2_less	277	23.62877030162413	23.509280742459396
G2_less	278	24.016443987667014	22.90955806783145
G2_less	279	24.882413087934562	24.77709611451943
G2_less	280	24.39663236669785	26.079513564078574
G2_less	281	22.762614678899087	23.466743119266056
G2_less	282	25.34153263954589	24.551561021759696
G2_less	283	26.576430401366352	26.34756618274979
G2_less	284	22.936998854524628	23.29209621993127
G2_less	285	23.151053864168617	23.2903981264637
G2_less	286	23.966970387243734	23.473804100227788
G2_less	287	27.713503649635037	26.766423357664234
G2_less	288	23.05729877216917	20.89631650750341
G2_less	289	24.500545256270453	22.151581243184296
G2_less	290	23.171704957678354	22.348246674727925
G2_less	291	26.47134786117837	27.57546408393866
G2_less	292	23.934407364787113	23.060989643268123
G2_less	293	27.186891054030124	25.62887511071745
G2_less	294	22.445121951219512	22.05609756097561
G2_less	295	24.681592039801	21.98706467661691
G2_less	296	22.126137841352406	20.89596879063719
G2_less	297	22.856201975850716	24.383095499451144
G2_less	298	24.99653579676675	24.515011547344113
G2_less	299	24.684371807967313	24.239019407558732
G2_less	300	24.85390946502057	26.007201646090536
G2_less	301	24.041036717062635	23.93952483801296
G2_less	302	23.658669574700106	24.604143947655395
G2_less	303	21.42911877394636	23.13409961685824
G2_less	304	24.09281767955801	24.370165745856358
G2_less	305	23.952538631346574	24.637969094922735
G2_less	306	27.478483606557376	24.938524590163933
G2_less	307	24.362451108213822	22.4993481095176
G2_less	308	22.34006734006734	23.409652076318746
G2_less	309	23.34233128834356	25.303067484662577
G2_less	310	23.56421052631579	24.125263157894736
G2_less	311	23.42465753424657	24.706006322444676
G2_less	312	24.210843373493976	22.296184738955823
G2_less	313	21.583006535947714	23.177777777777774
G2_less	314	28.753922378199835	27.522708505367465
G2_less	315	26.09306930693069	25.523762376237627
G2_less	316	25.5219512195122	26.237073170731712
G2_less	317	22.83984867591425	23.25725094577553
G2_less	318	23.647264260768328	22.50873108265425
G2_less	319	23.285546415981198	23.64864864864865
G2_less	320	21.714833759590796	22.781329923273653
G2_less	321	24.35218783351121	21.706510138740658
G2_less	322	21.96863237139272	22.444165621079048
G2_less	323	25.25304878048781	24.516260162601622
G2_less	324	22.853907134767837	22.998867497168746
G2_less	325	21.93625	23.60125
G2_less	326	24.17965367965368	24.77164502164502
G2_less	327	23.783460282916213	25.122959738846568
G2_less	328	22.98282208588957	23.014723926380373
G2_less	329	24.24630021141649	24.701902748414373
G2_less	330	20.459618208516886	21.70484581497797
G2_less	331	22.39448275862069	21.60137931034483
G2_less	332	23.809312638580927	24.358093126385807
G2_less	333	26.701413427561842	25.65194346289753
G2_less	334	24.463798530954882	23.92864637985309
G2_less	335	25.27856365614799	24.545157780195865
G2_less	336	21.457816377171216	22.47890818858561
G2_less	337	23.102064220183486	23.62270642201835
G2_less	338	22.058741258741254	23.64195804195804
G2_less	339	24.151696606786427	24.99101796407185
G2_less	340	23.688775510204078	22.267857142857146
G2_less	341	24.255788313120174	24.11135611907387
G2_less	342	21.81619537275064	22.988431876606683
G2_less	343	23.76044226044226	22.233415233415236
G2_less	344	24.55711206896552	24.186422413793107
G2_less	345	22.77068557919622	23.728132387706857
G2_less	346	24.545177664974624	24.947208121827412
G2_less	347	22.594327990135643	22.469790382244142
G2_less	348	23.749473684210525	23.68947368421053
G2_less	349	22.2005076142132	22.569796954314718
G2_less	350	24.385542168674696	24.742606790799567
G2_less	351	26.617480136208854	24.29171396140749
G2_less	352	24.244144144144144	25.86666666666667
G2_less	353	24.613537117903928	24.07314410480349
G2_less	354	25.537688442211056	24.965829145728645
G2_less	355	24.40067720090293	21.28216704288939
G2_less	356	21.882280049566294	22.677819083023547
G2_less	357	23.806220095693778	21.094497607655498
G2_less	358	22.81071835803877	24.901938426453817
G2_less	359	24.00600600600601	24.303303303303302
G2_less	360	23.63286004056795	24.920892494929014
G2_less	361	25.125545851528386	24.617903930131007
G2_less	362	23.32598607888631	22.794663573085842
G2_less	363	20.90755208333333	21.66276041666667
G2_less	364	25.29205366357069	25.654282765737875
G2_less	365	22.523514851485146	22.549504950495052
G2_less	366	19.125	18.38636363636364
G2_less	367	21.832898172323763	22.567885117493468
G2_less	368	26.466292134831463	25.233146067415728
G2_less	369	22.783256880733944	23.68807339449541
G2_less	370	22.59544879898862	22.71175726927939
G2_less	371	25.94906444906445	24.65176715176716
G2_less	372	24.40951276102088	24.39559164733179
G2_less	373	23.09059633027523	23.93577981651376
G2_less	374	22.264222503160557	22.621997471554995
G2_less	375	25.22737068965517	24.92995689655172
G2_less	376	24.35972629521017	24.597262952101666
G2_less	377	21.062666666666665	22.16533333333333
G2_less	378	24.495422177009157	22.922685656154627
G2_less	379	22.70771144278607	22.79104477611941
G2_less	380	20.603518267929637	21.978349120433016
G2_less	381	24.476733143399812	26.46343779677113
G2_less	382	25.99214145383104	27.758349705304518
G2_less	383	22.169546436285096	22.71598272138229
G2_less	384	23.61909758656873	24.789087093389302
G2_less	385	22.886419753086415	25.555555555555557
G2_less	386	23.149897330595483	24.416837782340867
G2_less	387	28.413166855845628	22.308740068104424
G2_less	388	23.11085972850679	24.04524886877828
G2_less	389	23.2680412371134	20.9819587628866
G2_less	390	25.18985126859143	24.3753280839895
G2_less	391	26.22982635342186	25.2655771195097
G2_less	392	23.168009205983893	23.172612197928647
G2_less	393	25.36467236467237	26.11301044634378
G2_less	394	22.025094102885824	22.814303638644923
G2_less	395	24.974253347064877	24.492276004119464
G2_less	396	21.976623376623373	21.52987012987013
G2_less	397	26.85173501577287	24.677181913774966
G2_less	398	22.607003891050585	23.32036316472114
G2_less	399	22.04808877928483	22.30826140567201
G2_less	400	20.77914110429448	21.47443762781186
G2_less	401	25.718162839248443	24.5615866388309
G2_less	402	22.963811821471648	21.711700844390837
G2_less	403	27.05454545454545	25.99909090909091
G2_less	404	22.67515151515152	22.56606060606061
Metaphase	405	24.022067363530773	24.82926829268293
Metaphase	406	25.44561403508772	23.198830409356727
Metaphase	407	24.010044642857146	22.970982142857146
Metaphase	408	23.387012987012987	22.814285714285717
Metaphase	409	23.92421052631579	23.901052631578953
Metaphase	410	23.669546436285096	23.94276457883369
Metaphase	411	25.814133591481124	25.49854791868345
Metaphase	412	25.80376610505451	25.3577799801784
Metaphase	413	20.398561151079136	22.94388489208633
Metaphase	414	22.94915254237288	23.833898305084748
Metaphase	415	24.682489451476798	24.796413502109704
Metaphase	416	25.090803259604193	23.263096623981372
Metaphase	417	22.957658779576587	22.11706102117061
Metaphase	418	25.939748953974892	26.86778242677824
Metaphase	419	26.02376033057851	24.064049586776857
Metaphase	420	23.04230317273796	21.587544065804934
Metaphase	421	22.424469413233453	23.395755305867674
Metaphase	422	25.895309882747068	26.85762144053601
Metaphase	423	22.61683417085427	22.77763819095477
Metaphase	424	26.264550264550266	24.957671957671963
Metaphase	425	26.92264302981466	27.189363416599523
Metaphase	426	23.30407523510972	24.067920585161964
Metaphase	427	23.10881392818281	23.857453754080524
Metaphase	428	26.098022355975925	26.141874462596732
Metaphase	429	25.764756944444446	26.95920138888889
Metaphase	430	23.96390658174097	25.211252653927808
Metaphase	431	24.452181987000927	25.034354688950792
Metaphase	432	22.232558139534888	23.7375415282392
Metaphase	433	22.344827586206893	22.928656361474435
Metaphase	434	25.13765978367748	25.336283185840703
Metaphase	435	23.338554216867472	24.155421686746987
Metaphase	436	26.854283426741397	24.443554843875102
Metaphase	437	23.722284434490486	24.89249720044793
Metaphase	438	21.788980070339974	23.34818288393904
Metaphase	439	23.03542857142857	22.858285714285717
Metaphase	440	22.51193633952255	21.350132625994693
Metaphase	441	23.54701834862385	23.049311926605505
Metaphase	442	26.559149722735675	26.18022181146026
Metaphase	443	21.43524699599466	21.92122830440588
Metaphase	444	23.48411016949153	23.932203389830512
Metaphase	445	23.26673751328374	24.800212539851227
Metaphase	446	23.638376383763838	22.141451414514147
Metaphase	447	24.070671378091873	21.829210836277973
Metaphase	448	25.86027397260274	25.097716894977175
Metaphase	449	24.34525025536261	24.58426966292135
Metaphase	450	27.800559179869524	25.317800559179872
Metaphase	451	22.516087516087516	23.37323037323037
Metaphase	452	23.104679802955665	22.089901477832512
Metaphase	453	26.220119521912352	24.01294820717132
Metaphase	454	24.90167597765363	23.607821229050284
Metaphase	455	24.853483606557376	25.383196721311478
Metaphase	456	23.042735042735046	23.551892551892553
Metaphase	457	23.261682242990656	22.70093457943925
Metaphase	458	24.822759315206447	25.473313192346424
Metaphase	459	24.628765792031103	25.02332361516035
Metaphase	460	27.01401050788091	25.94483362521892
Metaphase	461	23.836101882613512	24.572535991140644
Metaphase	462	24.89880304678999	20.995647442872688
Metaphase	463	22.086842105263162	22.35
Metaphase	464	23.96129032258064	26.016589861751157
Metaphase	465	25.62314225053079	24.41507430997877
Metaphase	466	25.868035190615835	25.840664711632446
Metaphase	467	22.92152199762188	24.00475624256837
Metaphase	468	26.15636363636364	25.44272727272727
Metaphase	469	23.400240384615387	23.22355769230769
Metaphase	470	23.060747663551407	24.62733644859813
Metaphase	471	24.57884231536926	25.08782435129741
Metaphase	472	27.16809605488851	25.370497427101196
Metaphase	473	22.92152199762188	24.00475624256837
Prophase_less	474	25.577951002227174	23.586859688195986
Prophase_less	475	24.48802736602052	23.470923603192702
Prophase_less	476	23.539175257731962	23.48144329896907
Prophase_less	477	24.25	23.553899082568808
Prophase_less	478	26.237859266600594	25.290386521308225
Prophase_less	479	26.06171548117155	24.24163179916318
Prophase_less	480	23.217391304347824	23.544685990338163
Prophase_less	481	25.024691358024693	23.766554433221103
Prophase_less	482	23.56985698569857	23.842684268426844
Prophase_less	483	27.292124542124547	25.996336996337
Prophase_less	484	24.996299722479183	25.780758556891765
Prophase_less	485	29.029539530842747	27.105125977410946
Prophase_less	486	24.815730337078648	23.784269662921353
Prophase_less	487	25.560120240480966	24.88577154308617
Prophase_less	488	25.87893864013267	26.320895522388057
Prophase_less	489	26.64330637915544	27.94878706199461
Prophase_less	490	22.493552168815945	22.552168815943734
Prophase_less	491	23.488962472406183	23.025386313465788
Prophase_less	492	26.293522267206477	26.008097165991906
Prophase_less	493	25.085824493731923	25.110896817743487
Prophase_less	494	25.72504892367906	25.868884540117417
Prophase_less	495	24.827702702702698	24.079954954954953
Prophase_less	496	23.685889570552145	22.782822085889567
Prophase_less	497	25.703153988868273	25.006493506493502
Prophase_less	498	23.806687565308252	25.340647857889238
Prophase_less	499	27.66842568161829	25.32541776605101
Prophase_less	500	27.45631970260223	25.936802973977688
Prophase_less	501	21.49423631123919	21.195965417867434
Prophase_less	502	23.050469483568076	23.105633802816897
Prophase_less	503	26.11791590493602	25.597806215722123
Prophase_less	504	24.567698259187626	25.459381044487422
Prophase_less	505	24.61981799797775	20.39939332659252
Prophase_less	506	25.71361940298507	25.96828358208955
Prophase_less	507	23.889737991266376	23.53384279475982
Prophase_less	508	24.601117318435755	24.25810055865922
Prophase_less	509	24.35032679738562	22.589542483660132
Prophase_less	510	23.987473903966595	24.466597077244263
Prophase_less	511	29.180604982206408	25.553380782918147
Prophase_less	512	23.931744312026	24.59588299024919
Prophase_less	513	27.879706152433425	26.134986225895318
Prophase_less	514	24.47348119575699	22.65670202507232
Prophase_less	515	22.388571428571424	24.23542857142857
Prophase_less	516	22.93599033816425	23.551932367149764
Prophase_less	517	24.407253886010366	23.141968911917097
Prophase_less	518	26.316163410301954	26.340142095914747
Prophase_less	519	23.73770491803279	23.126103404791927
Prophase_less	520	23.12254335260116	23.483236994219645
Prophase_less	521	22.983069977426638	22.783295711060948
Prophase_less	522	24.851612903225806	25.30322580645161
Prophase_less	523	24.23598820058997	22.85054080629302
Prophase_less	524	26.16521739130435	27.23913043478261
Prophase_less	525	25.076286764705888	26.11856617647059
Prophase_less	526	22.36887254901961	23.107843137254907
Prophase_less	527	23.467177242888408	24.87527352297593
Prophase_less	528	22.503340757238306	23.44988864142539
Prophase_less	529	28.643224699828476	27.456260720411663
Prophase_less	530	24.311040339702764	23.877919320594483
Prophase_less	531	27.025754884547073	25.787744227353464
Prophase_less	532	24.387904066736183	24.773722627737225
Prophase_less	533	23.896347482724575	25.64955577492596
Prophase_less	534	26.982688391038696	24.788187372708766
Prophase_less	535	27.85674931129477	25.031221303948573
Prophase_less	536	25.25233644859813	27.096856414613427
Prophase_less	537	24.209183673469386	25.688775510204078
Prophase_less	538	24.00103092783505	24.409278350515464
Prophase_less	539	26.08226691042048	25.621572212065807
Prophase_less	540	27.59824046920821	26.026392961876837
Prophase_less	541	25.8447265625	25.427734375
Prophase_less	542	24.11156186612576	24.821501014198784
Prophase_less	543	26.84639746634996	26.741884402216943
Prophase_less	544	28.231173380035035	26.30560420315236
Prophase_less	545	24.740119760479043	23.621556886227545
Prophase_less	546	25.616246498599445	24.795518207282914
Prophase_less	547	23.927947598253283	23.70524017467249
Prophase_less	548	24.12096774193548	23.442396313364053
Prophase_less	549	23.831603229527108	23.790080738177625
Prophase_less	550	26.523969722455845	27.243902439024392
Prophase_less	551	24.228395061728396	24.31481481481481
Prophase_less	552	30.15307971014493	25.97463768115942
Prophase_less	553	24.467015706806283	23.53507853403141
Prophase_less	554	27.408852213053258	28.12828207051763
Prophase_less	555	27.10546875	23.1259765625
Prophase_less	556	25.38287153652393	26.67422334172964
Prophase_less	557	23.355016538037486	24.325248070562292
Prophase_less	558	26.48753462603878	26.482917820867964
Prophase_less	559	22.429846938775512	22.22066326530612
Prophase_less	560	26.23090745732255	27.005390835579515
Prophase_less	561	25.181026137463693	26.11519845111326
Prophase_less	562	28.131293188548867	24.91609081934847
Prophase_less	563	23.769650655021834	24.16593886462882
Prophase_less	564	21.863171355498718	23.0230179028133
Prophase_less	565	26.77280405405405	26.15456081081081
Prophase_less	566	25.074693422519513	24.551839464882946
Prophase_less	567	23.9871921182266	25.261083743842363
Prophase_less	568	26.07024390243902	25.021463414634148
Prophase_less	569	27.98617511520737	25.67926267281106
Prophase_less	570	25.582120582120577	25.19230769230769
Prophase_less	571	23.36095346197503	23.33371169125993
Prophase_less	572	26.03540587219344	26.670984455958553
Prophase_less	573	29.933715220949264	27.570376432078557
Prophase_less	574	27.684893419833177	23.784986098239106
Prophase_less	575	24.3042071197411	24.437971952535058
Prophase_less	576	26.247871333964053	25.95269631031221
Prophase_less	577	28.647554806070822	27.284148397976388
Prophase_less	578	27.044310171198394	25.065458207452163
Prophase_less	579	24.854938271604933	25.291152263374485
Prophase_less	580	24.720464135021096	24.78691983122363
Prophase_less	581	25.266419981498608	26.131359851988897
Prophase_less	582	24.730401529636712	25.48661567877629
Prophase_less	583	25.483598875351447	25.607310215557643
Prophase_less	584	26.795489891135308	29.034992223950233
Prophase_less	585	23.21744966442953	22.061744966442948
Prophase_less	586	26.165242165242173	25.11301044634378
Prophase_less	587	25.445386064030128	25.277777777777782
Prophase_less	588	26.26589595375723	25.516377649325623
Prophase_less	589	27.90625	25.88352272727273
Prophase_less	590	28.211832061068698	26.22328244274809
Prophase_less	591	28.03241895261845	27.71155444721529
Prophase_less	592	25.27639751552795	25.51966873706004
Prophase_less	593	24.71556550951848	25.438969764837623
Prophase_less	594	27.857005758157392	26.08829174664108
Prophase_less	595	21.916578669482575	25.05068637803591
Prophase_less	596	26.517391304347825	26.12782608695652
Prophase_less	597	24.14228855721393	25.526368159203983
Prophase_less	598	29.01437699680511	28.570287539936103
Prophase_less	599	23.489864864864863	22.887387387387392
Prophase_less	600	22.839865621500557	23.014557670772678
Prophase_less	601	24.85405960945529	24.738951695786227
Prophase_less	602	26.142857142857146	25.0492277992278
Prophase_less	603	28.187072243346012	27.153612167300377
Prophase_less	604	23.34668071654373	24.72075869336143
Prophase_less	605	22.784313725490197	23.49942329873126
Prophase_less	606	26.177730192719487	25.144539614561033
Prophase_less	607	23.517094017094017	23.290598290598286
Prophase_less	608	25.70414746543779	24.83410138248848
Prophase_less	609	22.85333333333333	25.816410256410254
Prophase_less	610	26.74332648870637	25.501026694045173
Prophase_less	611	26.82634730538922	25.113772455089823
Prophase_less	612	23.16359447004608	24.399769585253452
Prophase_less	613	23.28487690504103	22.982415005861665
Prophase_less	614	24.701375245579573	24.731827111984288
Prophase_less	615	24.918888888888887	23.61555555555556
Prophase_less	616	25.77095516569201	25.052631578947373
Prophase_less	617	27.92284866468843	26.79821958456973
Prophase_less	618	27.62133072407045	25.46379647749511
Prophase_less	619	23.22234891676169	24.02508551881414
Prophase_less	620	24.0	22.88020833333333
Prophase_less	621	22.832689832689834	22.141570141570142
Prophase_less	622	22.882016036655212	23.657502863688432
Prophase_less	623	28.116830065359483	27.834150326797385
Prophase_less	624	24.287958115183248	25.13507853403141
Prophase_less	625	24.49620801733477	24.65005417118093
Prophase_less	626	25.04330312185297	24.632426988922454
Prophase_less	627	22.01518987341772	22.775949367088607
Prophase_less	628	23.359235668789808	20.878980891719745
Prophase_less	629	25.46169989506821	25.435466946484784
Prophase_less	630	24.70276008492569	24.296178343949045
Prophase_less	631	23.889004149377595	24.954356846473033
Prophase_less	632	30.02528548123981	27.609298531810765
Prophase_less	633	25.519624573378838	26.036689419795227
Prophase_less	634	27.59777102330294	27.05775075987842
Prophase_less	635	23.37261146496815	25.019108280254773
Prophase_less	636	25.292843691148768	24.932203389830512
Prophase_less	637	26.98411437648928	27.09054805401112
Prophase_less	638	24.803921568627448	24.36842105263158
Prophase_less	639	27.315738963531672	26.262955854126677
Prophase_less	640	25.59124087591241	25.13138686131387
Prophase_less	641	25.281661600810537	24.714285714285715
Prophase_less	642	26.52882703777336	26.10039761431411
Prophase_less	643	23.006376195536667	24.257173219978746
Prophase_less	644	25.489082969432317	23.267467248908297
Prophase_less	645	27.553101104502968	27.74001699235344
Prophase_less	646	24.347685683530678	24.57373519913886
Prophase_less	647	28.40920938314509	26.12945264986968
Prophase_less	648	22.739776951672862	22.827757125154896
Prophase_less	649	25.22201317027281	25.64063969896519
Prophase_less	650	28.63251481795089	26.302286198137175
Prophase_less	651	24.86307519640853	24.87429854096521
Prophase_less	652	26.122130394857674	26.223140495867767
Prophase_less	653	23.16590909090909	24.673863636363638
Prophase_less	654	27.801063829787235	24.51595744680851
Prophase_less	655	25.296703296703296	25.936813186813183
Prophase_less	656	22.99644549763033	22.523696682464447
Prophase_less	657	22.214026602176546	22.400241837968558
Prophase_less	658	26.53968253968254	26.51820728291317
Prophase_less	659	22.832962138084632	23.57126948775056
Prophase_less	660	24.002277904328018	24.023917995444194
Prophase_less	661	25.652087475149106	25.67495029821073
Prophase_less	662	26.503441494591932	25.43559488692232
Prophase_less	663	26.3837890625	25.138671875
Prophase_less	664	25.359471365638772	25.137444933920705
Prophase_less	665	21.63503649635037	21.992700729927012
Prophase_less	666	26.48390243902439	26.41756097560976
Prophase_less	667	26.74632713026445	25.42115572967679
Prophase_less	668	23.168471720818292	22.41756919374248
Prophase_less	669	26.37185056472633	25.77932232841008
Prophase_less	670	26.22722620266121	23.33572159672467
Prophase_less	671	23.365663322185057	23.387959866220736
Prophase_less	672	25.657492354740057	23.55351681957186
Prophase_less	673	22.482717520858163	22.30393325387366
Prophase_less	674	26.508752735229763	23.89277899343545
Prophase_less	675	26.197505197505198	24.31185031185031
Prophase_less	676	24.343207354443308	24.365679264555673
Prophase_less	677	27.200369344413662	25.682363804247466
Prophase_less	678	23.407002188183807	24.230853391684903
Prophase_less	679	25.029203539823012	25.723008849557523
Prophase_less	680	27.344247787610623	26.056637168141588
Prophase_less	681	25.369146005509638	25.71900826446281
Prophase_less	682	22.399500624219726	23.31210986267166
Prophase_less	683	25.49806201550388	24.09108527131783
Prophase_less	684	22.873403019744483	23.15679442508711
Prophase_less	685	22.77939529675252	24.382978723404253
Prophase_less	686	24.266666666666666	23.79655172413793
Prophase_less	687	23.464625131995774	24.199577613516368
Prophase_less	688	24.061938061938058	25.081918081918086
Prophase_less	689	23.543526785714285	24.20982142857143
Prophase_less	690	24.447368421052627	23.58881578947368
Prophase_less	691	23.756845564074478	23.748083242059145
Prophase_less	692	23.315294117647056	23.051764705882352
Prophase_less	693	26.381413359148112	25.29428848015489
Prophase_less	694	24.83402489626556	25.347510373443985
Prophase_less	695	22.47135416666667	28.75130208333333
Prophase_less	696	22.9873417721519	23.91599539700805
Prophase_less	697	23.110471806674337	23.186421173762945
Prophase_less	698	23.17757009345795	23.27102803738318
Prophase_less	699	25.283439490445858	23.93205944798301
Prophase_less	700	24.12169312169312	24.904761904761905
Prophase_less	701	23.568725099601593	24.24701195219124
Prophase_less	702	25.613537117903928	25.430131004366807
Prophase_less	703	28.65592334494773	27.402439024390244
Prophase_less	704	25.061583577712607	25.4711632453568
Prophase_less	705	24.753651411879265	24.7458617332035
Prophase_less	706	23.978794642857146	25.059151785714285
Prophase_less	707	24.894351464435147	23.975941422594147
Prophase_less	708	25.288314176245212	26.16666666666667
Prophase_less	709	25.919871794871803	24.819444444444446
Prophase_less	710	25.995485327313773	24.758465011286678
Prophase_less	711	24.41721854304636	23.62693156732892
Prophase_less	712	26.99094650205761	26.882304526748968
Prophase_less	713	23.14750542299349	22.09761388286334
Prophase_less	714	25.743512974051896	24.965069860279442
Prophase_less	715	25.319565217391304	24.83260869565217
Prophase_less	716	23.34989200863931	23.948164146868248
Prophase_less	717	27.93201133144476	26.027384324834753
S_phase_less	718	22.661016949152547	22.121251629726206
S_phase_less	719	23.37530562347188	22.2799511002445
S_phase_less	720	22.106707317073173	21.150914634146346
S_phase_less	721	23.90396158463385	22.036014405762305
S_phase_less	722	21.896984924623123	21.437185929648237
S_phase_less	723	21.696652719665273	22.08786610878661
S_phase_less	724	22.03333333333333	18.892307692307693
S_phase_less	725	24.843949044585987	24.36093418259024
S_phase_less	726	22.013615733736767	21.561270801815432
S_phase_less	727	21.08344923504868	19.603616133518774
S_phase_less	728	21.09691629955947	21.220264317180614
S_phase_less	729	22.392278953922787	23.16189290161893
S_phase_less	730	21.875404530744337	20.40614886731392
S_phase_less	731	23.809655172413798	20.45655172413793
S_phase_less	732	22.609756097560968	23.195121951219512
S_phase_less	733	21.653316645807262	21.54317897371715
S_phase_less	734	20.860534124629076	22.096439169139465
S_phase_less	735	24.95227995758218	24.713679745493106
S_phase_less	736	21.817694369973193	20.42627345844504
S_phase_less	737	26.43069873997709	25.65635738831615
S_phase_less	738	26.263676148796502	24.75929978118161
S_phase_less	739	25.65929203539823	25.661504424778762
S_phase_less	740	21.217391304347824	20.61290322580645
S_phase_less	741	24.868483412322274	23.87440758293839
S_phase_less	742	22.502109704641352	20.368495077355842
S_phase_less	743	23.159367396593677	23.06447688564477
S_phase_less	744	22.386039886039885	20.008547008547012
S_phase_less	745	22.564409030544486	23.298804780876488
S_phase_less	746	20.93758865248227	21.24113475177305
S_phase_less	747	27.91701244813278	25.75207468879668
S_phase_less	748	23.78537735849057	23.97169811320755
S_phase_less	749	22.613407821229053	23.501675977653626
S_phase_less	750	21.40878828229028	21.70306258322237
S_phase_less	751	21.692198581560287	20.028368794326237
S_phase_less	752	22.03043478260869	20.778260869565216
S_phase_less	753	26.937691521961185	25.2655771195097
S_phase_less	754	24.59871244635193	24.30793991416309
S_phase_less	755	23.68771138669673	23.056369785794807
S_phase_less	756	24.354545454545452	25.511111111111113
S_phase_less	757	22.43467336683417	23.417085427135678
S_phase_less	758	19.56262425447316	21.310139165009943
S_phase_less	759	22.497970230040604	22.031123139377538
S_phase_less	760	26.286028602860284	25.06600660066007
S_phase_less	761	21.483425414364643	21.02624309392265
S_phase_less	762	22.39078947368421	22.05789473684211
S_phase_less	763	22.876840696117807	22.04016064257028
S_phase_less	764	24.395372233400398	25.449698189134807
S_phase_less	765	20.907780979827088	21.00576368876081
S_phase_less	766	21.671033478893737	19.86317321688501
S_phase_less	767	22.15625	21.266304347826086
S_phase_less	768	23.585	22.705
S_phase_less	769	21.690277777777773	22.30416666666667
S_phase_less	770	22.00252844500632	21.03286978508217
S_phase_less	771	21.34833091436865	23.242380261248183
S_phase_less	772	21.980994152046787	20.41812865497076
S_phase_less	773	21.696503496503496	21.465734265734266
S_phase_less	774	24.59902200488997	21.002444987775057
S_phase_less	775	23.013590033975085	26.211778029445075
S_phase_less	776	26.8056460369164	24.121606948968516
S_phase_less	777	22.008253094910593	22.867950481430537
S_phase_less	778	22.74166666666667	24.690476190476193
S_phase_less	779	22.073138297872337	22.0
S_phase_less	780	24.21744324970132	23.40023894862605
S_phase_less	781	22.1746835443038	20.705063291139236
S_phase_less	782	21.960106382978722	21.143617021276604
S_phase_less	783	22.50462351387054	22.64068692206077
S_phase_less	784	22.864864864864863	22.861003861003862
S_phase_less	785	23.456296296296298	22.508148148148152
S_phase_less	786	25.28711790393013	25.30458515283843
S_phase_less	787	20.51937984496124	21.407751937984496
S_phase_less	788	21.576248313090414	23.43589743589743
S_phase_less	789	21.59212376933896	19.635724331926863
S_phase_less	790	20.513385826771653	20.711811023622047
S_phase_less	791	22.004297994269336	17.650429799426934
S_phase_less	792	22.387179487179488	21.57948717948718
S_phase_less	793	24.123947051744885	25.3164861612515
S_phase_less	794	24.199040767386087	21.517985611510788
S_phase_less	795	22.29310344827586	20.895225464190982
S_phase_less	796	25.291011235955054	22.507865168539325
S_phase_less	797	22.847938144329902	21.32989690721649
S_phase_less	798	20.951734539969834	20.897435897435894
S_phase_less	799	26.949891067538122	24.686274509803926
S_phase_less	800	21.789402173913047	21.69429347826087
S_phase_less	801	22.190651906519065	22.589175891758924
S_phase_less	802	24.947198275862068	23.135775862068964
S_phase_less	803	22.2051282051282	21.726923076923075
S_phase_less	804	21.617567567567573	22.178378378378376
S_phase_less	805	22.5722964763062	23.64884568651276
S_phase_less	806	22.663513513513518	20.0
S_phase_less	807	21.635514018691588	20.03204272363151
S_phase_less	808	24.971491228070175	24.016447368421048
S_phase_less	809	17.840616966580978	18.76606683804627
S_phase_less	810	22.43333333333333	22.51794871794872
S_phase_less	811	25.01594533029613	23.72095671981777
S_phase_less	812	23.38100686498856	25.03661327231121
S_phase_less	813	25.474345549738217	24.451308900523557
S_phase_less	814	24.132584269662924	24.597752808988773
S_phase_less	815	21.81829573934837	23.417293233082706
S_phase_less	816	25.674852652259325	25.791748526522593
S_phase_less	817	24.04545454545455	21.56719367588933
S_phase_less	818	21.822784810126578	21.32208157524613
S_phase_less	819	21.409972299168974	21.613573407202214
S_phase_less	820	23.34278668310727	22.20221948212084
Telophase	821	22.09236947791165	28.966867469879517
Telophase	822	22.11624203821656	41.22133757961783
Telophase	823	22.81450872359964	27.81634527089073
Telophase	824	21.908560311284045	28.07101167315175
Telophase	825	23.648606811145516	42.20433436532507
Telophase	826	22.79848484848485	20.754545454545454
Telophase	827	23.266195524146053	44.504122497055356
Telophase	828	25.650958466453677	29.30670926517572
Telophase	829	21.906432748538013	40.23391812865497
Telophase	830	23.051509769094142	17.328596802841922
Telophase	831	22.06206896551724	30.19655172413793
Telophase	832	22.19084712755599	28.557935735150924
Telophase	833	21.20817843866171	19.302973977695167
Telophase	834	19.95614035087719	24.902412280701753
Telophase	835	21.359420289855073	28.309178743961354
Telophase	836	22.495867768595037	29.750229568411388
Telophase	837	21.25894378194208	19.417376490630325
Telophase	838	21.051056338028168	40.21830985915493
Telophase	839	21.48495575221239	39.40176991150441
Telophase	840	21.77536231884058	38.52173913043478
Telophase	841	25.28608247422681	32.31099656357388
Telophase	842	24.02012808783165	28.58828911253431
Telophase	843	19.788679245283014	19.47924528301887
Telophase	844	20.94195688225539	37.71310116086236
Telophase	845	21.12029288702929	27.58891213389121
Telophase	846	21.48109965635739	41.84707903780069
Telophase	847	21.864139020537124	20.66824644549763
Telophase	848	21.48109965635739	41.84707903780069
